record_number,case,run,VB,vib_mean_estimate,vib_mean_residual,vib_std_estimate,vib_std_residual,AE_mean_estimate,AE_mean_residual
1,1,1,0.0,0.013860808865906016,-0.013860808865906016,-0.011435156362569199,0.011435156362569199,0.09738910679081503,-0.09738910679081503
4,1,4,0.11,0.11093575017812629,-0.0009357501781262906,0.12382117974546641,-0.013821179745466414,0.12378153822859417,-0.013781538228594167
6,1,6,0.2,0.20837625292585837,-0.008376252925858363,0.29695326582118303,-0.09695326582118302,0.13921278634262735,0.06078721365737266
7,1,7,0.24,0.3357550118963908,-0.0957550118963908,0.33862560590611424,-0.09862560590611424,0.27715289097906093,-0.03715289097906094
8,1,8,0.29,0.3371156560662767,-0.04711565606627671,0.3272480285012668,-0.037248028501266794,0.21872881134055383,0.07127118865944615
9,1,9,0.28,0.3386519331046205,-0.05865193310462047,0.36013105086835,-0.08013105086834998,0.35142012468603173,-0.0714201246860317
10,1,10,0.29,0.39249719242494563,-0.10249719242494565,0.3767424166149544,-0.08674241661495441,0.28608050994898504,0.00391949005101494
11,1,11,0.38,0.428699006875198,-0.048699006875198014,0.3892230729299976,-0.009223072929997578,0.4117403880104647,-0.03174038801046469
12,1,12,0.4,0.2763288139565454,0.12367118604345462,0.30433153686786485,0.09566846313213517,0.35571362463166906,0.044286375368330966
13,1,13,0.43,0.41338984536149226,0.016610154638507735,0.4100422642909751,0.01995773570902487,0.3566984221341815,0.07330157786581848
14,1,14,0.45,0.3972004772628398,0.05279952273716021,0.40119619754864366,0.04880380245135635,0.4236672488468613,0.02633275115313871
15,1,15,0.5,0.3758621048665144,0.12413789513348561,0.38931538073832145,0.11068461926167855,0.4478969969869369,0.05210300301306309
17,1,17,0.44,0.38132714621527897,0.058672853784721035,0.30380515652943163,0.13619484347056837,0.5205175510732158,-0.08051755107321584
