record_number,case,run,VB,vib_mean,vib_std,AE_mean,AE_std
1,1,1,0.0,0.6485088731995199,0.07875024050513435,0.20906779568301548,0.037541479688752176
4,1,4,0.11,0.586599785984596,0.0602245273560127,0.22727072922571018,0.03813922357889559
6,1,6,0.2,0.5244575636836489,0.03651106996215081,0.2379137040710856,0.03028978715996872
7,1,7,0.24,0.4432223592958122,0.03080331651502624,0.3330513788051814,0.049276293225653564
8,1,8,0.29,0.44235461487646704,0.03236167408554163,0.2927561281966858,0.03611506153545335
9,1,9,0.28,0.44137486142137905,0.02785777092375442,0.3842736969441851,0.054351588746010406
10,1,10,0.29,0.4070353005593158,0.025582554799380527,0.33920878249824954,0.03969050491507625
11,1,11,0.38,0.38394776367447986,0.02387311134217655,0.42587675072727726,0.051596598446269
12,1,12,0.4,0.4811211375116698,0.03550048711715848,0.3872349358266371,0.047491676053198366
13,1,13,0.43,0.3937111094208456,0.021021560145032828,0.38791415340965923,0.0495633495865135
14,1,14,0.45,0.40403580277657375,0.022233183198577023,0.43410273989730597,0.05290838298439636
15,1,15,0.5,0.41764424940400774,0.023860468178627695,0.4508140647401807,0.06943595080735318
17,1,17,0.44,0.4141589449894972,0.035572584080877524,0.5009006633539778,0.07608916059234518
